"User Name",Unique_code,Title
"neeraj kumar",PKDKAR07559,BAGUNDI
"neeraj kumar",PKDKAR07557,SENTIMENT
"neeraj kumar",PKDKAR07552,BHOJANAM
"neeraj kumar",PKDKAR07545,THITTADAM
"neeraj kumar",PKDKAR07652,YELLU
Sharma,PKDKAR08288,MENTAL
Sharma,PKDKAR07849,PUNCH
Sharma,PKDKAR08103,PELLI
Thanakon,PKDVAM00915,"I THINK THEY NEED OUR HELP"
Thanakon,PKDVAM00915,"I THINK THEY NEED OUR HELP"
Kaartheek,PKDKAR07623,YADAVA
Kaartheek,PKDKAR07727,SIR
Kaartheek,PKDKAR04686,"MAGA YADAVA"
Kaartheek,PKDKAR00091,"CHI YADAVA"
Kaartheek,PKDKAR09098,TENSION
Kaartheek,PKDKAR09833,HAI
Kaartheek,PKDKAR03053,DOSAKAYALI
Kaartheek,PKDKAR06687,"PETTUBADE BHAYAM"
Kaartheek,PKDKAR04984,KALAKAALAM
Kaartheek,PKDKAR04553,OPPISTHANU
Kaartheek,PKDKAR04117,MOKKULU
Kaartheek,PKDKAR04117,MOKKULU
"neeraj kumar",PKDKAR09919,PLANNING
