Username,Unique_code,Title
Kaartheek,PKDKAR04238,"DEVUDU BRAIN"
Kaartheek,PKDKAR06191,"SIGGUKU SINK AVVALANNA"
Kaartheek,PKDKAR06497,INTEREST
Kaartheek,PKDKAR01960,"ANDIRA NI LOLLI"
Kaartheek,PKDKAR02590,meru
Kaartheek,PKDKAR01549,"HAPPY GA PREMINCHUKUNDAM"
Kaartheek,PKDKAR05771,"AAKALI CHAVU"
Kaartheek,PKDKAR06196,"SORRY BANGARAM"
Kaartheek,PKDKAR04197,GATHI
Kaartheek,PKDKAR09643,BUNK
Kaartheek,PKDREH00395,"YETO AISI BAAT HOGAI"
Kaartheek,PKDREH03257,"EK MINUTE"
Kaartheek,PKDKAR01344,"SO HAVE YOU GO TO TOMMORROW"
Kaartheek,PKDKAR04159,MUKYAM
Kaartheek,PKDKAR04159,MUKYAM
Kaartheek,PKDKAR04159,MUKYAM
Kaartheek,PKDKAR08608,NUV
Kaartheek,PKDKAR08782,VASTHAM
Kaartheek,PKDKAR08752,MEM
Kaartheek,PKDREH00403,"I AM SO SORRY"
Kaartheek,PKDVAM37039,"SAHAAYA MAADA"
Kaartheek,PKDKAR07855,"SUPER HIT"
Kaartheek,PKDREH05008,"AAPNAY HATHO SAY MUJA KHELAO"
Kaartheek,PKDKAR07122,EDO
Kaartheek,PKDKAR04272,CELEBRATE
Kaartheek,PKDKAR01115,"AKASHANNI AMMESE"
Kaartheek,PKDREH03256,"KYUN KI "
Kaartheek,PKDREH02181,"BOHOT BAKBAK KAR RAHA HAI TU"
Kaartheek,PKDKAR01854,"NUVU ANAM NELLU"
Kaartheek,PKDKAR02265,"AVI OKA HAIR STYLE ATA THATIKAYALA"
Kaartheek,PKDKAR01137,PADDATI
Kaartheek,PKDKAR01137,PADDATI
Kaartheek,PKDKAR02376,"KUCH NAHI BOLA"
Kaartheek,PKDKAR02586,MANUSHULU
Kaartheek,PKDKAR02835,TIME
Kaartheek,PKDREH02250,"KYA HAI YE"
Kaartheek,PKDKAR09115,OVERACTION
Kaartheek,PKDKAR07272,REYYY
Kaartheek,PKDKAR09587,CAR
Kaartheek,PKDKAR09632,"NATCHINDA "
Kaartheek,PKDKAL00325,"SIR PLEASE"
Kaartheek,PKDKAR09216,"SAKSHYAM UNDA"
Kaartheek,PKDKAR06787,"ELLU SUPER KATTAVRA"
Kaartheek,PKDKAR04503,"YENDUKU CHEPPALEDRA"
Kaartheek,PKDKAR07874,LOVE
Kaartheek,PKDKAR05952,"NEERASHA NISPRUHALU VADHILI "
Kaartheek,PKDKIR0390,"NANDU NINDU "
Kaartheek,PKDKAR05952,"NEERASHA NISPRUHALU VADHILI "
Kaartheek,PKDKAR06052,"ANTHA IMPORTANT"
Kaartheek,PKDKAR06052,"ANTHA IMPORTANT"
Kaartheek,PKDKAR07280,IDEA
Kaartheek,PKDKAR04085,"PROFISSIONAL POPULAR"
Kaartheek,PKDKAR01982,"PILLAKI ADAVALAKI"
Kaartheek,PKDKAR01982,"PILLAKI ADAVALAKI"
Kaartheek,PKDKAR06193,"CHEPPU THEGUDDI"
Kaartheek,PKDKAR08568,KURRADU
Kaartheek,PKDKAR08568,KURRADU
Kaartheek,PKDKAR02814,MOTHEKKIPOVALI
Kaartheek,PKDKAR07251,FUTURE
Kaartheek,PKDKAR10069,"YUDHAM "
Kaartheek,PKDKAR02675,ENTI
Kaartheek,PKDKAR01528,BIRTHDAY
Kaartheek,PKDKAR09569,NAUGHTY
Kaartheek,PKDREH03241,"US KUTIYA K PEECHEY"
Kaartheek,PKDREH03241,"US KUTIYA K PEECHEY"
Kaartheek,PKDKAR03400,"SENTIMENT OINTMENT"
Kaartheek,PKDKAR01060,"VEDAVA SALAHALU"
Kaartheek,PKDKAR01849,"NUVU UH ANTEY"
Kaartheek,PKDKAR01682,"IDLY ELA UNDI"
Kaartheek,PKDKAR07237,ADAPILLANI
Kaartheek,PKDKAR04635,JEEVITHAM
Kaartheek,PKDKIR0335,"BALANGE "
Kaartheek,PKDREH02234,"KYA LADKIYO KI TARHA RO RAHA HAI"
Kaartheek,PKDKAR02103,"YES YOUR RIGHT"
Kaartheek,PKDKAR07117,WEAKNESS
Kaartheek,PKDREH03013,"KYA HAAL KARTA HOON TERA"
Kaartheek,PKDKAR01938,"E MATA ANANDUKEY"
Kaartheek,PKDKAR06223,"YENTI NE PROBLEM"
Kaartheek,PKDKAR09322,AAA
Kaartheek,PKDKAR09322,AAA
Kaartheek,PKDKAR05985,"ETRA KANGARU"
Kaartheek,PKDKAR07623,YADAVA
Kaartheek,PKDKAR07727,SIR
Kaartheek,PKDKAR04686,"MAGA YADAVA"
Kaartheek,PKDKAR00091,"CHI YADAVA"
Kaartheek,PKDKAR09098,TENSION
Kaartheek,PKDKAR09833,HAI
Kaartheek,PKDKAR03053,DOSAKAYALI
Kaartheek,PKDKAR06687,"PETTUBADE BHAYAM"
Kaartheek,PKDKAR04984,KALAKAALAM
Kaartheek,PKDKAR04553,OPPISTHANU
Kaartheek,PKDKAR04117,MOKKULU
Kaartheek,PKDKAR04117,MOKKULU
Kaartheek,PKDKAR00884,"SUPER SIR"
Kaartheek,PKDKAR00169,"SUPER RA"
Kaartheek,PKDREH04439,"LOLLIPOP MEETHI HOTI HAI"
Kaartheek,PKDKAR01388,"TELUGU VALLAMU"
Kaartheek,PKDKAR10044,ROWDY
Kaartheek,PKDKAR01894,"MANA FAMILY LO MASTH"
Kaartheek,PKDKAR06283,"HAPPY MARRIED LIFE"
Kaartheek,PKDREH02267,"AAPKI LOVE MARRIAGE THI"
Kaartheek,PKDREH02267,"AAPKI LOVE MARRIAGE THI"
Kaartheek,PKDKAR08976,MARRIAGE
Kaartheek,PKDKAR07602,MARRIAGE
Kaartheek,PKDKAR01130,MARRIAGES
Kaartheek,PKDKAR00414,"LOVE LOMARRIAGE UNDAKAPOVACHU"
